nombreTopico,constituciones
Estado,4356
Economia,3867
Cultura,3769
Derechos Fundamentales,3669
Ejecutivo,3270
Judicial,3270
Legislativo,3270
Derechos Civiles,3092
Eleccion,3076
FFAA,3075
Religion,3057
Reforma,3011
Reformas y Constitucion,3011
Voto,2910
Derecho Internacional,2852
Expropiacion,2667
Derechos Sociales,2581
Propiedad,2537
Libertad De Asociacion,2493
Trabajo,1984
Educacion,1934
Igualdad,1845
Nacionalidad,1824
Simbolos,1776
Ciencia,1740
Censura,1552
Comunicacion,1552
Medios de Comunicacion,1552
Medio Ambiente,1515
Ocupacion,1446
Territorio,1086
Estatus Social,969
Censo,877
Color de Piel,734
Historia,626
Marital,605
Familia,577
Mercado,516
Deportacion,382
Frontera,266
Pueblos Originarios,210
Derechos Humanos,168
Edad,163
Orientacion Sexual,38
